,ets_add_add_false,ets_add_mul_false,ets_mul_add_false,ets_mul_mul_false,ets_add_add_true,ets_add_mul_true,ets_mul_add_true,ets_mul_mul_true
38,139.65305661345906,136.57193499703274,137.3605930219546,137.2667136341432,138.55401392164848,138.1475645545397,136.40207741200442,139.45882363632282
39,142.827656282948,136.66570224787517,138.24289350398857,138.059682423245,140.58816332456445,139.7243914892204,136.3274764296054,142.37169503230527
40,146.00225595243694,136.75953387722504,139.12519398602254,138.85723207163775,142.5816297394221,141.21275692637929,136.25436746685438,145.2160080072495
41,149.17685562192588,136.85342992928318,140.0074944680565,139.65938904224424,144.53522682598262,142.6166005652473,136.18272068335835,147.99095711419025
42,152.35145529141482,136.94739044828077,140.88979495009048,140.46617995085953,146.44975197081192,143.93982198385692,136.11250683553226,150.69597744897962
43,155.52605496090376,137.0414154784794,141.77209543212444,141.27763156703404,148.32598661274463,145.18625957514487,136.04369726466268,153.33072808834086
44,158.7006546303927,137.135505064171,142.6543959141584,142.09377081496177,150.16469656183867,146.35967311941897,135.9762638852105,155.89507575043498
45,161.87525429988165,137.22965924967798,143.53669639619238,142.9146247743737,151.96663231195083,147.4637295994667,135.91017917334736,158.3890787852882
46,165.0498539693706,137.3238780793531,144.41899687822635,143.74022068143623,153.73252934706076,148.50199188865724,135.8454161557215,160.81297158500487
47,168.22445363885953,137.41816159757963,145.30129736026032,144.57058592965495,155.46310844146848,149.47790996836804,135.78194839844815,163.16714948770817
48,171.39905330834847,137.51250984877126,146.1835978422943,145.40574807078355,157.15907595398804,150.39481435794463,135.71974999632027,165.45215423461428
49,174.5736529778374,137.60692287737223,147.06589832432826,146.24573481573793,158.8211241162572,151.25591146739634,135.65879556223496,167.66866002652878
50,177.74825264732635,137.70140072785725,147.94819880636223,147.09057403551577,160.449931315281,152.06428060954153,135.59906021683133,169.8174602143157
51,180.9228523168153,137.7959434447316,148.8304992883962,147.94029376212123,162.0461623703243,152.8228724339076,135.5405195783358,171.8994546474694
52,184.09745198630424,137.89055107253105,149.71279977043017,148.794922189495,163.61046880426676,153.53450856904954,135.48314975261016,173.91563769574893
53,187.27205165579318,137.98522365582207,150.59510025246414,149.6544876744499,165.14348910953038,154.20188228286816,135.42692732339904,175.8670869508358
54,190.44665132528212,138.0799612392016,151.4774007344981,150.51901873761176,166.6458490086887,154.82755999186148,135.37182934277214,177.754952608067
55,193.62125099477106,138.1747638672973,152.35970121653207,151.38854406436562,168.11816170986387,155.41398346996644,135.31783332175777,179.58044752238914
56,196.79585066426,138.26963158476735,153.24200169856604,152.2630925058076,169.56102815701553,155.96347262573602,135.2649172211637,181.34483792769643
57,199.97045033374894,138.36456443630075,154.1243021806,153.14269307970227,170.97503727522417,156.47822873307322,135.2130594425815,183.04943480456203
58,203.14505000323788,138.45956246661706,155.00660266263398,154.02737497144528,172.36076621106864,156.96033801566423,135.16223881957094,184.6955858779784
59,206.31964967272683,138.55462572046656,155.88890314466795,154.91716753503192,173.7187805681962,157.41177549869198,135.1124346090206,186.2846682239983
60,209.49424934221577,138.6497542426303,156.77120362670192,155.81210029403096,175.0496346381812,157.83440905345583,135.06362648268126,187.8180814620476
61,212.6688490117047,138.74494807792007,157.6535041087359,156.71220294256435,176.35387162676653,158.2300035712657,135.01579451886872,189.29724150808966
62,215.84344868119365,138.84020727117837,158.53580459076986,157.6175053462924,177.63202387558013,158.60022521252134,134.96891919433241,190.72357486269445
63,219.0180483506826,138.93553186727857,159.41810507280383,158.52803754340482,178.88461307941748,158.9466456853235,134.92298137628686,192.09851340734483
64,222.19264802017153,139.03092191112478,160.3004055548378,159.44382974561728,180.11215049917806,159.2707465153966,134.8779623146022,193.42348968193915
65,225.36724768966047,139.12637744765195,161.18270603687176,160.36491233917394,181.31513717054344,159.57392327561902,134.83384363415124,194.69993261637623
66,228.54184735914941,139.22189852182592,162.06500651890573,161.29131588585565,182.4940641084815,159.85748974915214,134.7906073273093,195.92926368928778
67,231.71644702863836,139.31748517864338,162.9473070009397,162.22307112399395,183.6494125076608,160.1226820051139,134.74823574660417,197.1128934873736
68,234.8910466981273,139.4131374631319,163.82960748297367,163.16020896949107,184.78165393885652,160.370662370035,134.70671159751316,198.252218639361
69,238.06564636761624,139.50885542035,164.71190796500764,164.10276051684562,185.89125054142832,160.6025232820394,134.66601793140399,199.348619099316
70,241.24024603710518,139.60463909538709,165.5942084470416,165.05075704018438,186.9786552119487,160.81929101787057,134.626138138617,200.40345575485492
71,244.41484570659412,139.70048853336357,166.47650892907558,166.0042299943,188.04431178905867,161.0219292856027,134.58705594168572,201.41806833671072
72,247.58944537608306,139.79640377943082,167.35880941110955,166.96321101569464,189.08865523462643,161.21134267818562,134.54875538869308,202.39377360708207
73,250.764045045572,139.8923848787712,168.24110989314352,167.9277319236297,190.11211181128283,161.3883799849232,134.5112208467603,203.3318638052093
74,253.93864471506095,139.9884318765981,169.12341037517749,168.89782472118154,191.11509925640613,161.5538373596239,134.47443699566617,204.23360532966916
75,257.1132443845499,140.08454481815596,170.00571085721145,169.87352159630342,192.09802695262695,161.7084613455249,134.43838882159392,205.1002376379405
76,260.2878440540388,140.18072374872028,170.88801133924542,170.85485492289348,193.06129609492336,161.85295175821844,134.40306161100312,205.93297234485811
77,263.46244372352777,140.27696871359763,171.7703118212794,171.8418572618689,194.00529985437385,161.9879644287284,134.36844094462413,206.7329925026276
78,266.6370433930167,140.3732797581257,172.65261230331336,172.83456136224635,194.9304235386353,162.11411380962633,134.3345126915727,207.5014520461151
79,269.81164306250565,140.46965692767333,173.53491278534733,173.83300016222844,195.83704474921154,162.23197544766413,134.30126300358233,208.23947538814375
80,272.9862427319946,140.56610026764048,174.4172132673813,174.83720679029685,196.72553353557626,162.34208832685758,134.26867830935177,208.9481571505186
81,276.16084240148354,140.66260982345827,175.29951374941527,175.84721456631138,197.59625254621366,162.44495708629816,134.2367453090058,209.62856201745922
82,279.3354420709725,140.75918564058904,176.18181423144924,176.86305700261553,198.44955717663834,162.54105411721966,134.20545096866678,210.28172469904027
83,282.5100417404614,140.85582776452634,177.0641147134832,177.88476780514853,199.2857957144545,162.63082154401397,134.17478251513452,210.90864999312413
84,285.68464140995036,140.95253624079493,177.94641519551718,178.9123808745636,200.10530948151435,162.71467309398994,134.1447274306729,211.510312935113
85,288.8592410794393,141.04931111495085,178.82871567755114,179.94593030735294,200.908432973233,162.79299586071298,134.1152734479005,212.08765902565037
86,292.03384074892824,141.14615243258143,179.7110161595851,180.98545039697885,201.6954939951173,162.86615196575877,134.08640854478358,212.64160452716297
87,295.2084404184172,141.24306023930527,180.59331664161908,182.0309756350118,202.46681379656388,162.93448012367256,134.05812093972898,213.17303682085455
88,298.3830400879061,141.34003458077228,181.47561712365305,183.08254071227472,203.22270720198154,162.99829711485083,134.03039908677547,213.6828148164411
89,301.55763975739507,141.43707550266376,182.35791760568702,184.14018051999415,203.96348273929084,163.05789917096388,134.00323167088104,214.17176940755667
90,304.732239426884,141.53418305069235,183.240218087721,185.2039301509579,204.68944276585395,163.11356327741828,133.9766076033045,214.64070396635734
91,307.90683909637295,141.63135727060205,184.12251856975496,186.27382490067941,205.40088359188582,163.1655483972239,133.95051601707948,215.0903948714129
92,311.0814387658619,141.7285982081683,185.00481905178893,187.34990026856897,206.09809560139703,163.21409662048427,133.92494626257897,215.52159206349987
93,314.25603843535083,141.82590590919796,185.8871195338229,188.43219195911146,206.78136337071803,163.25943424357544,133.89988790316846,215.93501962439797
94,317.4306381048398,141.92328041952933,186.76942001585687,189.52073588305115,207.4509657846526,163.30177278191755,133.87533071094617,216.331376374248
95,320.6052377743287,142.0207217850322,187.65172049789084,190.61556815858313,208.10717615030848,163.3413099200822,133.85126466256833,216.71133648345085
96,323.77983744381766,142.11823005160784,188.5340209799248,191.7167251125518,208.75026230865126,163.37823040281307,133.82767993515805,217.07555009547974
97,326.9544371133066,142.21580526518903,189.41632146195877,192.8242432816562,209.38048674382716,163.4127068703743,133.80456690229596,217.42464395734038
98,330.12903678279554,142.31344747174012,190.29862194399274,193.93815941366225,209.99810669029955,163.44490064147897,133.7819161300911,217.75922205474836
99,333.3036364522845,142.41115671725697,191.1809224260267,195.0585104686221,210.6033742378425,163.47496244688972,133.75971837333037,218.0798662494034
100,336.4782361217734,142.50893304776704,192.06322290806068,196.18533362010047,211.1965364344346,163.50303311662833,133.73796457170485,218.38713691602283
101,339.65283579126236,142.6067765093294,192.94552339009465,197.31866625640808,211.77783538709483,163.52924422357862,133.71664584611182,218.68157357706022
102,342.8274354607513,142.70468714803474,193.82782387212862,198.45854598184218,212.34750836070188,163.55371868611985,133.69575349503066,218.96369553327415
103,346.00203513024024,142.80266501000537,194.7101243541626,199.60501061793428,212.9057878748368,163.57657133228588,133.67527899097112,219.23400248853238
104,349.1766347997292,142.9007101413953,195.59242483619656,200.7580982047051,213.452901798689,163.5979094278077,133.65521397699277,219.4929751674383
105,352.3512344692181,142.99882258839023,196.47472531823053,201.91784700192676,213.98907344406416,163.6178331702661,133.635550263294,219.74107592454976
106,355.52583413870707,143.09700239720755,197.3570258002645,203.08429549039218,214.51452165653183,163.6364361514547,133.61627982386918,219.97874934412903
107,358.700433808196,143.19524961409638,198.23932628229846,204.25748237319195,215.02946090475012,163.65380578993398,133.59739479323287,220.2064228295136
108,361.87503347768495,143.2935642853376,199.12162676433243,205.4374465769985,215.53410136800406,163.67002373564114,133.5788874632093,220.4245071813377
109,365.0496331471739,143.39194645724388,200.0039272463664,206.62422725335767,216.02864902199292,163.68516624831184,133.5607502797862,220.63339716395888
110,368.22423281666283,143.49039617615966,200.88622772840037,207.8178637799878,216.513305722902,163.69930455136642,133.54297584003154,220.83347205955783
111,371.3988324861518,143.58891348846123,201.76852821043434,209.01839576208624,216.9882692897929,163.7125051628135,133.525556889072,221.02509620948283
112,374.5734321556407,143.68749844055668,202.6508286924683,210.2258630336436,217.453733585346,163.72483020463136,133.50848631713163,221.2086195425014
113,377.74803182512966,143.786151078886,203.53312917450228,211.44030565876525,217.90988859498802,163.7363376919984,133.49175715663006,221.38437808970633
114,380.9226314946186,143.88487144992106,204.41542965653625,212.6617639330008,218.3569205044372,163.74708180366062,133.47536257933854,221.55269448589598
115,384.09723116410754,143.98365960016562,205.29773013857022,213.8902783846811,218.7950117756974,163.7571131346449,133.45929589359284,221.71387845731687
116,387.2718308335965,144.08251557615537,206.18003062060419,215.12588977626294,219.22434122153237,163.76647893245172,133.44355054156205,221.8682272957146
117,390.4464305030854,144.18143942445798,207.06233110263815,216.36863910568158,219.64508407845065,163.7752233177915,133.4281200965719,222.01602631869258
118,393.62103017257436,144.28043119167305,207.94463158467212,217.61856760771107,220.05741207823058,163.78338749086157,133.41299826048152,222.15754931642425
119,396.7956298420633,144.3794909244322,208.8269320667061,218.8757167553325,220.46149351801492,163.79100992409843,133.39817886111297,222.29305898480578
120,399.97022951155225,144.47861866939905,209.70923254874006,220.1401282611099,220.85749332900355,163.79812654228158,133.38365584973178,222.4228073451717
121,403.1448291810412,144.57781447326929,210.59153303077403,221.41184407857455,221.24557314377242,163.80477089080912,133.36942329857823,222.54703615072802
122,406.31942885053013,144.67707838277062,211.473833512808,222.6909064036167,221.6258913622459,163.8109742929143,133.35547539844774,222.66597727988432
123,409.49402852001907,144.77641044466287,212.35613399484197,223.97735767588594,221.99860321634992,163.81676599654193,133.34180645631986,222.77985311668928
124,412.668628189508,144.87581070573793,213.23843447687594,225.2712405801991,222.36386083337186,163.82217331155923,133.32841089303454,222.88887691859492
125,415.84322785899695,144.97527921281988,214.1207349589099,226.57259804795675,222.72181329805335,163.82722173793132,133.31528324101492,222.9932531717912
126,419.0178275284859,145.0748160127649,215.00303544094388,227.88147325856752,223.07260671344122,163.83193508545176,133.3024181420357,223.09317793436676
127,422.19242719797484,145.17442115246132,215.88533592297784,229.19790964088094,223.41638426052134,163.83633558558043,133.28981034503605,223.18883916756312
128,425.3670268674638,145.27409467882973,216.7676364050118,230.5219508746283,223.75328625665986,163.84044399590536,133.2774547039764,223.2804170553989
129,428.5416265369527,145.37383663882287,217.64993688704578,231.853640891872,224.0834502128756,163.84427969771207,133.26534617573793,223.36808431294853
130,431.71622620644166,145.47364707942575,218.53223736907975,233.19302387846332,224.407010889967,163.84786078711218,133.25347981806425,223.4520064835636
131,434.8908258759306,145.57352604765563,219.41453785111372,234.54014427550834,224.7241003535166,163.85120416015434,133.24185078754405,223.53234222533115
132,438.06542554541954,145.67347359056205,220.2968383331477,235.89504678084268,225.03484802779522,163.85432559231253,133.23045433763426,223.60924358706333
133,441.2400252149085,145.77348975522688,221.17913881518166,237.25777635051446,225.33938074858824,163.85723981272173,133.21928581672265,223.68285627411507
134,444.4146248843974,145.87357458876426,222.06143929721563,238.62837820027607,225.6378228149654,163.85996057350619,133.20834066622928,223.75331990432585
135,447.58922455388637,145.97372813832072,222.9437397792496,240.00689780708433,225.93029604001504,163.86250071452332,133.19761441874576,223.8207682543811
136,450.7638242233753,146.07395045107518,223.82604026128357,241.39338091060947,226.2169198005637,163.86487222382544,133.18710269621192,223.88532949688565
137,453.93842389286425,146.1742415742389,224.70834074331754,242.78787351475282,226.49781108590136,163.8670862941213,133.17680120812875,223.9471264284397
138,457.1130235623532,146.27460155505554,225.5906412253515,244.1904218891732,226.77308454553227,163.86915337550113,133.16670574980725,224.0062766890044
139,460.28762323184213,146.37503044080128,226.47294170738547,245.60107257082214,227.04285253597055,163.87108322467196,133.15681220065218,224.0628929728391
140,463.4622229013311,146.4755282787847,227.35524218941944,247.01987236548806,227.3072251666001,163.87288495093327,133.14711652248022,224.11708323128903
141,466.63682257082,146.57609511634686,228.2375426714534,248.44686834934922,227.56631034461702,163.8745670591081,133.1376147578717,224.16895086769608
142,469.81142224030896,146.67673100086134,229.11984315348738,249.88210787053578,227.82021381907362,163.87613748963102,133.12830302855534,224.21859492470097
143,472.9860219097979,146.77743597973424,230.00214363552135,251.32563855070075,228.0690392240411,163.87760365598055,133.1191775338253,224.26611026419846
144,476.16062157928684,146.8782101004042,230.88444411755532,252.77750828660018,228.3128881209092,163.87897247963159,133.11023454898987,224.31158774020244
145,479.3352212487758,146.97905341034246,231.7667445995893,254.23776525168233,228.55186003983997,163.88025042269174,133.10147042385114,224.3551143648709
146,482.5098209182647,147.07996595705282,232.64904508162326,255.70645789768614,228.7860525203921,163.8814435183751,133.09288158121518,224.3967734679348
147,485.68442058775366,147.1809477880717,233.53134556365723,257.18363495624874,229.0155611513332,163.8825573994559,133.08446451543196,224.4366448497685
148,488.8590202572426,147.2819989509682,234.4136460456912,258.66934544052253,229.24047960965547,163.8835973248362,133.0762157909644,224.4748049283335
149,492.03361992673155,147.383119493344,235.29594652772516,260.1636386468014,229.4608996988113,163.88456820435232,133.06813204098617,224.51132688021994
150,495.2082195962205,147.48430946283352,236.17824700975913,261.66656415615637,229.676911386184,163.88547462193642,133.06020996600753,224.5462807760044
151,498.38281926570943,147.58556890710386,237.0605474917931,263.17817183608065,229.88860283980927,163.8863208572423,133.05244633252846,224.57973371013642
152,501.55741893519837,147.6868978738549,237.94284797382707,264.6985118421444,230.096060464362,163.88711090583718,133.04483797171898,224.6117499255587
